[
  {
    "model": "store.category",
    "pk": 1,
    "fields": {
      "name": "Pérdida de Grasa",
      "slug": "perdida-de-grasa",
      "description": "Péptidos investigados en el ámbito del metabolismo, la composición corporal y la pérdida de grasa.",
      "is_active": true
    }
  },
  {
    "model": "store.category",
    "pk": 2,
    "fields": {
      "name": "Recuperación",
      "slug": "recuperacion",
      "description": "Péptidos para investigación en regeneración tisular y recuperación.",
      "is_active": true
    }
  },
  {
    "model": "store.category",
    "pk": 3,
    "fields": {
      "name": "Disolventes y Auxiliares",
      "slug": "disolventes-auxiliares",
      "description": "Agua bacteriostática y otros auxiliares para reconstitución de péptidos.",
      "is_active": true
    }
  },
  {
    "model": "store.category",
    "pk": 4,
    "fields": {
      "name": "Cabello y Piel",
      "slug": "cabello-piel",
      "description": "Péptidos investigados en regeneración cutánea, pigmentación y crecimiento del folículo piloso.",
      "is_active": true
    }
  },
  {
    "model": "store.category",
    "pk": 5,
    "fields": {
      "name": "Spray Nasal",
      "slug": "spray-nasal",
      "description": "Péptidos neurotróficos investigados habitualmente mediante administración intranasal.",
      "is_active": true
    }
  },
  {
    "model": "store.category",
    "pk": 6,
    "fields": {
      "name": "Longevidad y Antienvejecimiento",
      "slug": "longevidad-antienvejecimiento",
      "description": "Péptidos y coenzimas investigados en metabolismo celular, estrés oxidativo y envejecimiento.",
      "is_active": true
    }
  },
  {
    "model": "store.peptide",
    "pk": 1,
    "fields": {
      "name": "Retatrutide",
      "slug": "retatrutide",
      "cas_number": "2381272-15-5",
      "category": 1,
      "short_description": "Péptido de investigación que actúa sobre tres vías metabólicas a la vez (GLP-1, GIP y glucagón).",
      "description": "Retatrutide es un péptido sintético estudiado por su efecto combinado sobre tres receptores relacionados con el metabolismo, el apetito y el peso corporal. Es uno de los péptidos más investigados hoy en el ámbito metabólico.\n\nConservar refrigerado y protegido de la luz. Reconstituir con BAC Water estéril.",
      "molecular_formula": "C<sub>221</sub>H<sub>342</sub>N<sub>46</sub>O<sub>68</sub>",
      "molecular_weight": "4731.33",
      "purity": "~99.3%",
      "main_image": "peptides/retatrutide.png",
      "is_active": true,
      "is_featured": true,
      "created_at": "2026-07-02T00:00:00Z",
      "updated_at": "2026-07-02T00:00:00Z"
    }
  },
  {
    "model": "store.peptide",
    "pk": 2,
    "fields": {
      "name": "Semaglutide",
      "slug": "semaglutide",
      "cas_number": "910463-68-2",
      "category": 1,
      "short_description": "Péptido de acción prolongada, uno de los más estudiados en investigación sobre diabetes tipo 2 y control de peso.",
      "description": "La Semaglutida es un péptido GLP-1 de referencia en investigación metabólica, conocido por su efecto duradero sobre el apetito y los niveles de glucosa.\n\nConservar refrigerado y protegido de la luz. Reconstituir con BAC Water estéril.",
      "molecular_formula": "C<sub>187</sub>H<sub>291</sub>N<sub>45</sub>O<sub>59</sub>",
      "molecular_weight": "4113.58",
      "purity": "≥99%",
      "main_image": "peptides/semaglutide.png",
      "is_active": true,
      "is_featured": true,
      "created_at": "2026-07-02T00:00:00Z",
      "updated_at": "2026-07-02T00:00:00Z"
    }
  },
  {
    "model": "store.peptide",
    "pk": 3,
    "fields": {
      "name": "BPC-157",
      "slug": "bpc-157",
      "cas_number": "137525-51-0",
      "category": 2,
      "short_description": "Péptido derivado del jugo gástrico, investigado por su papel en la regeneración de tejidos.",
      "description": "BPC-157 es un péptido muy estudiado por su posible papel en la reparación de tejidos, la reducción de la inflamación y la formación de nuevos vasos sanguíneos.\n\nConservar refrigerado y protegido de la luz. Reconstituir con BAC Water estéril.",
      "molecular_formula": "C<sub>62</sub>H<sub>98</sub>N<sub>16</sub>O<sub>22</sub>",
      "molecular_weight": "1419.53",
      "purity": "≥99%",
      "main_image": "peptides/bpc-157.png",
      "is_active": true,
      "is_featured": true,
      "created_at": "2026-07-02T00:00:00Z",
      "updated_at": "2026-07-02T00:00:00Z"
    }
  },
  {
    "model": "store.peptide",
    "pk": 4,
    "fields": {
      "name": "TB-500",
      "slug": "tb-500",
      "cas_number": "885340-08-9",
      "category": 2,
      "short_description": "Fragmento sintético de una proteína natural, investigado en regeneración muscular y de tejidos.",
      "description": "TB-500 es un péptido derivado de la Timosina Beta-4, estudiado por su papel en la reparación de tejidos, la movilidad celular y la formación de nuevos vasos sanguíneos.\n\nConservar refrigerado y protegido de la luz. Reconstituir con BAC Water estéril.",
      "molecular_formula": "C<sub>50</sub>H<sub>89</sub>N<sub>15</sub>O<sub>15</sub>",
      "molecular_weight": "1164.30",
      "purity": ">98%",
      "main_image": "peptides/tb-500.png",
      "is_active": true,
      "is_featured": true,
      "created_at": "2026-07-02T00:00:00Z",
      "updated_at": "2026-07-02T00:00:00Z"
    }
  },
  {
    "model": "store.peptide",
    "pk": 5,
    "fields": {
      "name": "BAC Water",
      "slug": "bac-water",
      "cas_number": "71-23-8",
      "category": 3,
      "short_description": "Agua estéril con conservante, para disolver péptidos liofilizados de forma segura.",
      "description": "El Agua Bacteriostática (BAC Water) es el disolvente estándar para reconstituir péptidos liofilizados. Su 0.9% de alcohol bencílico permite usar el mismo vial varias veces sin riesgo de contaminación.\n\nConservar en lugar fresco y protegido de la luz. Usar dentro de los 28 días tras abrir el vial.",
      "molecular_formula": "H<sub>2</sub>O",
      "molecular_weight": "18.02",
      "purity": "Grado laboratorio",
      "main_image": "peptides/bac-water.png",
      "is_active": true,
      "is_featured": false,
      "created_at": "2026-07-02T00:00:00Z",
      "updated_at": "2026-07-02T00:00:00Z"
    }
  },
  {
    "model": "store.peptide",
    "pk": 6,
    "fields": {
      "name": "GHK-Cu",
      "slug": "ghk-cu",
      "cas_number": "49557-75-7",
      "category": 4,
      "short_description": "Péptido de cobre investigado por su papel en la regeneración de la piel y el cabello.",
      "description": "El GHK-Cu es un péptido natural muy estudiado en investigación dermatológica por su efecto sobre la producción de colágeno, la reparación de tejidos y el crecimiento del folículo piloso.\n\nConservar refrigerado y protegido de la luz. Reconstituir con BAC Water estéril.",
      "molecular_formula": "C<sub>14</sub>H<sub>24</sub>CuN<sub>6</sub>O<sub>4</sub>",
      "molecular_weight": "403.93",
      "purity": ">98%",
      "main_image": "peptides/ghk-cu.png",
      "is_active": true,
      "is_featured": false,
      "created_at": "2026-07-07T00:00:00Z",
      "updated_at": "2026-07-07T00:00:00Z"
    }
  },
  {
    "model": "store.peptide",
    "pk": 7,
    "fields": {
      "name": "Melanotan I",
      "slug": "melanotan-1",
      "cas_number": "75921-69-6",
      "category": 4,
      "short_description": "Péptido investigado por su efecto sobre la pigmentación y la protección frente al sol.",
      "description": "Melanotan I es un péptido que imita a una hormona natural del cuerpo y se investiga por su capacidad de estimular la producción de melanina, protegiendo la piel frente a la radiación UV.\n\nConservar refrigerado y protegido de la luz. Reconstituir con BAC Water estéril.",
      "molecular_formula": "C<sub>79</sub>H<sub>111</sub>N<sub>21</sub>O<sub>19</sub>",
      "molecular_weight": "1646.82",
      "purity": ">98%",
      "main_image": "peptides/melanotan-1.png",
      "is_active": true,
      "is_featured": false,
      "created_at": "2026-07-07T00:00:00Z",
      "updated_at": "2026-07-07T00:00:00Z"
    }
  },
  {
    "model": "store.peptide",
    "pk": 8,
    "fields": {
      "name": "Melanotan II",
      "slug": "melanotan-2",
      "cas_number": "121062-08-6",
      "category": 4,
      "short_description": "Péptido investigado en pigmentación cutánea y regulación del apetito.",
      "description": "Melanotan II es una versión más estable de una hormona natural, estudiada por su efecto sobre la pigmentación de la piel y su influencia en el apetito y el balance energético.\n\nConservar refrigerado y protegido de la luz. Reconstituir con BAC Water estéril.",
      "molecular_formula": "C<sub>50</sub>H<sub>69</sub>N<sub>15</sub>O<sub>9</sub>",
      "molecular_weight": "1024.18",
      "purity": ">98%",
      "main_image": "peptides/melanotan-2.png",
      "is_active": true,
      "is_featured": false,
      "created_at": "2026-07-07T00:00:00Z",
      "updated_at": "2026-07-07T00:00:00Z"
    }
  },
  {
    "model": "store.peptide",
    "pk": 9,
    "fields": {
      "name": "Tesamorelin",
      "slug": "tesamorelin",
      "cas_number": "218949-48-5",
      "category": 1,
      "short_description": "Péptido investigado por su capacidad de estimular la hormona del crecimiento.",
      "description": "La Tesamorelina es un péptido estudiado por su efecto sobre la liberación natural de hormona del crecimiento, con especial interés en investigación sobre metabolismo de grasas y composición corporal.\n\nConservar refrigerado y protegido de la luz. Reconstituir con BAC Water estéril.",
      "molecular_formula": "C<sub>221</sub>H<sub>366</sub>N<sub>72</sub>O<sub>67</sub>S",
      "molecular_weight": "5135.88",
      "purity": "≥99%",
      "main_image": "peptides/tesamorelin.png",
      "is_active": true,
      "is_featured": false,
      "created_at": "2026-07-07T00:00:00Z",
      "updated_at": "2026-07-07T00:00:00Z"
    }
  },
  {
    "model": "store.peptide",
    "pk": 10,
    "fields": {
      "name": "Semax",
      "slug": "semax",
      "cas_number": "80714-61-0",
      "category": 5,
      "short_description": "Péptido nootrópico en spray nasal, investigado por su efecto sobre la memoria y la protección neuronal.",
      "description": "Semax es un péptido estudiado por su posible efecto sobre la memoria, la atención y la protección de las neuronas. Se presenta en spray nasal, listo para usar.\n\nConservar refrigerado y protegido de la luz.",
      "molecular_formula": "C<sub>37</sub>H<sub>51</sub>N<sub>9</sub>O<sub>10</sub>S",
      "molecular_weight": "813.93",
      "purity": ">98%",
      "main_image": "peptides/semax.png",
      "is_active": true,
      "is_featured": false,
      "created_at": "2026-07-07T00:00:00Z",
      "updated_at": "2026-07-07T00:00:00Z"
    }
  },
  {
    "model": "store.peptide",
    "pk": 11,
    "fields": {
      "name": "Selank",
      "slug": "selank",
      "cas_number": "129954-34-3",
      "category": 5,
      "short_description": "Péptido ansiolítico en spray nasal, investigado por su efecto calmante sin sedación.",
      "description": "Selank es un péptido derivado de una proteína natural del sistema inmune, estudiado por su efecto ansiolítico y su influencia sobre el estado de ánimo. Se presenta en spray nasal, listo para usar.\n\nConservar refrigerado y protegido de la luz.",
      "molecular_formula": "C<sub>33</sub>H<sub>57</sub>N<sub>11</sub>O<sub>9</sub>",
      "molecular_weight": "751.87",
      "purity": ">98%",
      "main_image": "peptides/selank.png",
      "is_active": true,
      "is_featured": false,
      "created_at": "2026-07-07T00:00:00Z",
      "updated_at": "2026-07-07T00:00:00Z"
    }
  },
  {
    "model": "store.peptide",
    "pk": 12,
    "fields": {
      "name": "Tirzepatide",
      "slug": "tirzepatide",
      "cas_number": "2023788-19-2",
      "category": 1,
      "short_description": "Péptido doble agonista GLP-1/GIP, uno de los más demandados hoy en investigación metabólica.",
      "description": "La Tirzepatida es un péptido sintético que activa a la vez los receptores GLP-1 y GIP, y es hoy uno de los reactivos de referencia en investigación sobre metabolismo, apetito y control de peso.\n\nConservar refrigerado y protegido de la luz. Reconstituir con BAC Water estéril.",
      "molecular_formula": "C<sub>225</sub>H<sub>348</sub>N<sub>48</sub>O<sub>68</sub>",
      "molecular_weight": "4813.45",
      "purity": "≥99%",
      "main_image": "peptides/tirzepatide.png",
      "is_active": true,
      "is_featured": false,
      "created_at": "2026-07-09T00:00:00Z",
      "updated_at": "2026-07-09T00:00:00Z"
    }
  },
  {
    "model": "store.peptide",
    "pk": 13,
    "fields": {
      "name": "MOTS-c",
      "slug": "mots-c",
      "cas_number": "1627580-64-6",
      "category": 6,
      "short_description": "Péptido derivado del ADN mitocondrial, investigado por su papel en el metabolismo celular y la longevidad.",
      "description": "MOTS-c es un péptido de 16 aminoácidos codificado en el propio genoma mitocondrial, estudiado como regulador metabólico y por su papel en la comunicación entre mitocondria y núcleo celular.\n\nConservar refrigerado y protegido de la luz. Reconstituir con BAC Water estéril.",
      "molecular_formula": "C<sub>101</sub>H<sub>152</sub>N<sub>28</sub>O<sub>22</sub>S<sub>2</sub>",
      "molecular_weight": "2174.60",
      "purity": ">98%",
      "main_image": "peptides/mots-c.png",
      "is_active": true,
      "is_featured": false,
      "created_at": "2026-07-09T00:00:00Z",
      "updated_at": "2026-07-09T00:00:00Z"
    }
  },
  {
    "model": "store.peptide",
    "pk": 14,
    "fields": {
      "name": "Wolverine Blend",
      "slug": "wolverine-blend",
      "cas_number": "",
      "category": 2,
      "short_description": "Mezcla de TB-500 y BPC-157 en un mismo vial (10 mg + 10 mg), pensada para investigar su efecto combinado.",
      "description": "Wolverine Blend combina en un mismo vial dos de los péptidos más estudiados en regeneración tisular: TB-500 y BPC-157, para investigar su posible efecto sinérgico en un solo modelo.\n\nConservar refrigerado y protegido de la luz. Reconstituir con BAC Water estéril.",
      "molecular_formula": "",
      "molecular_weight": null,
      "purity": ">98%",
      "main_image": "peptides/wolverine-blend.png",
      "is_active": true,
      "is_featured": false,
      "created_at": "2026-07-09T00:00:00Z",
      "updated_at": "2026-07-09T00:00:00Z"
    }
  },
  {
    "model": "store.peptide",
    "pk": 15,
    "fields": {
      "name": "Glow70 Blend",
      "slug": "glow70-blend",
      "cas_number": "",
      "category": 4,
      "short_description": "Mezcla de GHK-Cu, Melanotan I y BPC-157, investigada en regeneración y protección de la piel.",
      "description": "Glow70 Blend combina en un mismo vial tres péptidos de referencia en biología cutánea: GHK-Cu, Melanotan I y BPC-157, para investigar sus efectos combinados sobre la piel.\n\nConservar refrigerado y protegido de la luz. Reconstituir con BAC Water estéril.",
      "molecular_formula": "",
      "molecular_weight": null,
      "purity": ">98%",
      "main_image": "peptides/glow70-blend.png",
      "is_active": true,
      "is_featured": false,
      "created_at": "2026-07-09T00:00:00Z",
      "updated_at": "2026-07-09T00:00:00Z"
    }
  },
  {
    "model": "store.peptide",
    "pk": 16,
    "fields": {
      "name": "IGF-1 LR3",
      "slug": "igf-1-lr3",
      "cas_number": "946870-92-4",
      "category": 2,
      "short_description": "Análogo de acción prolongada del IGF-1, investigado en crecimiento y reparación muscular.",
      "description": "IGF-1 LR3 es un análogo sintético del IGF-1 humano modificado para resistir mejor su degradación, muy utilizado en investigación sobre crecimiento celular y reparación de tejido muscular.\n\nConservar refrigerado y protegido de la luz. Reconstituir con BAC Water estéril.",
      "molecular_formula": "C<sub>400</sub>H<sub>625</sub>N<sub>111</sub>O<sub>115</sub>S<sub>9</sub>",
      "molecular_weight": "9117.60",
      "purity": ">98%",
      "main_image": "peptides/igf-1-lr3.png",
      "is_active": true,
      "is_featured": false,
      "created_at": "2026-07-09T00:00:00Z",
      "updated_at": "2026-07-09T00:00:00Z"
    }
  },
  {
    "model": "store.peptide",
    "pk": 17,
    "fields": {
      "name": "Glutatión",
      "slug": "glutation",
      "cas_number": "70-18-8",
      "category": 6,
      "short_description": "Antioxidante maestro del cuerpo, investigado por su papel en la desintoxicación celular.",
      "description": "El Glutatión (GSH) es un tripéptido natural con un papel central en el equilibrio antioxidante de las células, estudiado en investigación sobre desintoxicación celular y estrés oxidativo.\n\nConservar refrigerado y protegido de la luz. Reconstituir con BAC Water estéril.",
      "molecular_formula": "C<sub>10</sub>H<sub>17</sub>N<sub>3</sub>O<sub>6</sub>S",
      "molecular_weight": "307.32",
      "purity": ">98%",
      "main_image": "peptides/glutation.png",
      "is_active": true,
      "is_featured": false,
      "created_at": "2026-07-09T00:00:00Z",
      "updated_at": "2026-07-09T00:00:00Z"
    }
  },
  {
    "model": "store.peptide",
    "pk": 18,
    "fields": {
      "name": "NAD+",
      "slug": "nad-plus",
      "cas_number": "53-84-9",
      "category": 6,
      "short_description": "Coenzima esencial para la energía celular, investigada en envejecimiento y reparación del ADN.",
      "description": "El NAD+ es una coenzima presente en todas las células, estudiada por su papel en la producción de energía, la reparación del ADN y los mecanismos asociados al envejecimiento celular.\n\nConservar refrigerado y protegido de la luz. Reconstituir con BAC Water estéril.",
      "molecular_formula": "C<sub>21</sub>H<sub>27</sub>N<sub>7</sub>O<sub>14</sub>P<sub>2</sub>",
      "molecular_weight": "663.43",
      "purity": ">98%",
      "main_image": "peptides/nad-plus.png",
      "is_active": true,
      "is_featured": false,
      "created_at": "2026-07-09T00:00:00Z",
      "updated_at": "2026-07-09T00:00:00Z"
    }
  },
  {
    "model": "store.peptidevariant",
    "pk": 1,
    "fields": {"peptide": 1, "size_mg": 10, "price": "99.95", "stock": 50, "sku": "retatrutide-10mg", "is_active": true}
  },
  {
    "model": "store.peptidevariant",
    "pk": 2,
    "fields": {"peptide": 1, "size_mg": 20, "price": "159.95", "stock": 30, "sku": "retatrutide-20mg", "is_active": true}
  },
  {
    "model": "store.peptidevariant",
    "pk": 3,
    "fields": {"peptide": 1, "size_mg": 30, "price": "219.95", "stock": 20, "sku": "retatrutide-30mg", "is_active": true}
  },
  {
    "model": "store.peptidevariant",
    "pk": 4,
    "fields": {"peptide": 1, "size_mg": 40, "price": "279.95", "stock": 15, "sku": "retatrutide-40mg", "is_active": true}
  },
  {
    "model": "store.peptidevariant",
    "pk": 5,
    "fields": {"peptide": 2, "size_mg": 10, "price": "54.95", "stock": 60, "sku": "semaglutide-10mg", "is_active": true}
  },
  {
    "model": "store.peptidevariant",
    "pk": 6,
    "fields": {"peptide": 2, "size_mg": 20, "price": "89.95", "stock": 35, "sku": "semaglutide-20mg", "is_active": true}
  },
  {
    "model": "store.peptidevariant",
    "pk": 7,
    "fields": {"peptide": 3, "size_mg": 10, "price": "64.95", "stock": 50, "sku": "bpc-157-10mg", "is_active": true}
  },
  {
    "model": "store.peptidevariant",
    "pk": 8,
    "fields": {"peptide": 4, "size_mg": 10, "price": "64.95", "stock": 50, "sku": "tb-500-10mg", "is_active": true}
  },
  {
    "model": "store.peptidevariant",
    "pk": 9,
    "fields": {"peptide": 5, "size_mg": 3, "price": "4.95", "stock": 150, "sku": "bac-water-3ml", "is_active": true}
  },
  {
    "model": "store.peptidevariant",
    "pk": 10,
    "fields": {"peptide": 5, "size_mg": 10, "price": "9.95", "stock": 200, "sku": "bac-water-10ml", "is_active": true}
  },
  {
    "model": "store.peptidevariant",
    "pk": 11,
    "fields": {"peptide": 6, "size_mg": 50, "price": "34.95", "stock": 40, "sku": "ghk-cu-50mg", "is_active": true}
  },
  {
    "model": "store.peptidevariant",
    "pk": 12,
    "fields": {"peptide": 6, "size_mg": 100, "price": "49.95", "stock": 25, "sku": "ghk-cu-100mg", "is_active": true}
  },
  {
    "model": "store.peptidevariant",
    "pk": 13,
    "fields": {"peptide": 7, "size_mg": 10, "price": "64.95", "stock": 40, "sku": "melanotan-1-10mg", "is_active": true}
  },
  {
    "model": "store.peptidevariant",
    "pk": 14,
    "fields": {"peptide": 8, "size_mg": 10, "price": "64.95", "stock": 40, "sku": "melanotan-2-10mg", "is_active": true}
  },
  {
    "model": "store.peptidevariant",
    "pk": 15,
    "fields": {"peptide": 9, "size_mg": 10, "price": "64.95", "stock": 40, "sku": "tesamorelin-10mg", "is_active": true}
  },
  {
    "model": "store.peptidevariant",
    "pk": 16,
    "fields": {"peptide": 10, "size_mg": 10, "price": "74.95", "stock": 30, "sku": "semax-10mg", "is_active": true}
  },
  {
    "model": "store.peptidevariant",
    "pk": 17,
    "fields": {"peptide": 11, "size_mg": 10, "price": "74.95", "stock": 30, "sku": "selank-10mg", "is_active": true}
  },
  {
    "model": "store.peptidevariant",
    "pk": 18,
    "fields": {"peptide": 12, "size_mg": 10, "price": "59.95", "stock": 40, "sku": "tirzepatide-10mg", "is_active": true}
  },
  {
    "model": "store.peptidevariant",
    "pk": 19,
    "fields": {"peptide": 12, "size_mg": 20, "price": "99.95", "stock": 25, "sku": "tirzepatide-20mg", "is_active": true}
  },
  {
    "model": "store.peptidevariant",
    "pk": 20,
    "fields": {"peptide": 13, "size_mg": 10, "price": "54.95", "stock": 40, "sku": "mots-c-10mg", "is_active": true}
  },
  {
    "model": "store.peptidevariant",
    "pk": 21,
    "fields": {"peptide": 13, "size_mg": 40, "price": "114.95", "stock": 25, "sku": "mots-c-40mg", "is_active": true}
  },
  {
    "model": "store.peptidevariant",
    "pk": 22,
    "fields": {"peptide": 14, "size_mg": 20, "price": "110.00", "stock": 30, "sku": "wolverine-blend-20mg", "is_active": true}
  },
  {
    "model": "store.peptidevariant",
    "pk": 23,
    "fields": {"peptide": 15, "size_mg": 70, "price": "119.95", "stock": 30, "sku": "glow70-blend-70mg", "is_active": true}
  },
  {
    "model": "store.peptidevariant",
    "pk": 24,
    "fields": {"peptide": 16, "size_mg": 1, "price": "89.95", "stock": 30, "sku": "igf-1-lr3-1mg", "is_active": true}
  },
  {
    "model": "store.peptidevariant",
    "pk": 25,
    "fields": {"peptide": 17, "size_mg": 1500, "price": "84.95", "stock": 30, "sku": "glutation-1500mg", "is_active": true}
  },
  {
    "model": "store.peptidevariant",
    "pk": 26,
    "fields": {"peptide": 18, "size_mg": 500, "price": "69.95", "stock": 30, "sku": "nad-plus-500mg", "is_active": true}
  },
  {
    "model": "store.peptidevariant",
    "pk": 27,
    "fields": {"peptide": 18, "size_mg": 1000, "price": "114.95", "stock": 20, "sku": "nad-plus-1000mg", "is_active": true}
  }
]
